Flight,Length,Airline,AirportFrom,AirportTo,DayOfWeek,Delay,DepartureTime
2206,160,AA,DFW,IAD,Tue,no,17:19
5294,72,EV,BNA,ATL,Wed,no,14:15
743,325,AS,ATL,SEA,Tue,no,18:10
2612,203,DL,TPA,MSP,Wed,yes,14:07
589,120,UA,BUF,ORD,Sat,no,08:00
1630,180,AA,DFW,LAS,Wed,yes,12:15
1493,121,DL,EWR,DTW,Thu,yes,09:22
553,125,WN,MDW,BDL,Sun,no,16:25
4559,58,OO,SLC,IDA,Thu,no,11:19
2694,125,DL,ATL,PHL,Sat,no,12:30
407,183,UA,DEN,SEA,Sun,no,18:30
4458,75,OO,BZN,SLC,Tue,no,06:34
1598,204,CO,SNA,IAH,Fri,yes,06:45
103,162,UA,DEN,SMF,Mon,no,12:13
5357,122,EV,DTW,STL,Mon,no,08:45
802,218,UA,DEN,MCO,Fri,no,10:10
548,135,AA,ORD,BOS,Thu,no,12:55
2394,199,XE,EWR,MCI,Sun,yes,16:04
1241,98,FL,AVL,MCO,Tue,no,12:18
583,179,B6,HPN,FLL,Sun,yes,08:45
5362,123,EV,SHV,ATL,Thu,no,05:45
4784,80,OO,RNO,SLC,Thu,no,16:22
672,176,FL,MCO,MKE,Tue,no,07:04
2469,91,DL,ATL,MCO,Mon,no,14:04
2373,120,DL,ATL,MIA,Tue,no,09:55
355,155,FL,LGA,ATL,Thu,yes,13:13
1637,69,CO,MFE,IAH,Thu,yes,13:45
1727,123,DL,ATL,FLL,Sun,yes,09:58
2150,65,WN,PHX,SAN,Sat,yes,18:19
5045,86,EV,DTW,ORD,Sat,no,12:30
4612,102,OO,SLC,ABQ,Thu,yes,10:55
4954,88,EV,BTR,ATL,Wed,yes,14:41
1898,70,US,PHL,PIT,Thu,no,20:34
1120,80,WN,LAX,SMF,Wed,yes,15:40
251,300,WN,BWI,SLC,Wed,yes,13:49
2968,95,WN,SLC,PHX,Wed,no,16:40
4162,62,9E,FWA,DTW,Thu,yes,15:15
2381,129,XE,EWR,CLT,Wed,yes,06:40
250,75,WN,STL,OMA,Thu,yes,09:49
1293,106,B6,BOS,PIT,Sun,no,16:22
331,310,WN,PIT,LAS,Thu,yes,08:15
5287,95,EV,AEX,ATL,Thu,no,11:13
175,100,FL,ATL,RSW,Thu,no,10:19
2051,90,XE,PHL,CLE,Fri,no,09:34
576,155,B6,MCO,SWF,Fri,no,11:45
431,78,UA,CMH,ORD,Mon,yes,09:52
1154,75,AA,DFW,ICT,Sat,no,12:45
2421,90,WN,MDW,OMA,Sat,no,19:45
297,136,FL,ATL,HOU,Sat,yes,16:51
182,94,FL,ATL,DCA,Sun,yes,22:10
2034,166,DL,ATL,MSP,Sat,no,20:19
2640,179,XE,GRR,IAH,Wed,yes,18:10
2652,131,YV,CLT,LIT,Fri,no,14:40
303,242,CO,EWR,IAH,Thu,no,10:45
6416,72,OO,BFL,SFO,Fri,no,12:03
2870,54,YV,YUM,PHX,Sun,no,12:49
6638,87,OH,DTW,CRW,Tue,no,21:40
657,220,AA,BWI,DFW,Mon,no,18:30
1588,80,AA,DFW,MSY,Tue,yes,16:55
1133,90,DL,ATL,CVG,Thu,yes,18:49
1069,261,B6,JFK,AUS,Fri,no,20:30
8,195,WN,MCI,LAS,Sun,yes,11:04
637,130,AA,MIA,MSY,Tue,yes,16:04
1253,355,AA,MIA,LAX,Tue,yes,20:55
485,274,UA,MIA,DEN,Wed,yes,17:04
850,88,UA,ORD,PIT,Fri,yes,18:19
1129,98,DL,ATL,ORF,Fri,yes,21:46
47,335,HA,OAK,HNL,Thu,no,08:55
313,165,AA,LGA,ORD,Fri,no,09:04
1268,177,DL,PVD,ATL,Thu,yes,12:43
4044,92,9E,DTW,MDT,Thu,yes,14:00
2028,79,US,DCA,BOS,Sat,no,10:30
5192,120,EV,MLI,ATL,Wed,yes,17:55
619,135,FL,MSY,MKE,Thu,no,18:00
4139,115,MQ,ORD,RIC,Sun,yes,10:49
403,140,US,PHX,SFO,Wed,no,08:45
1182,175,AA,LAX,AUS,Fri,no,06:30
627,210,AA,BOS,MIA,Mon,no,09:10
656,160,AA,DFW,BWI,Thu,no,21:15
5593,146,EV,ATL,ICT,Thu,yes,19:15
1146,83,DL,PIT,DTW,Thu,yes,19:25
1067,175,AA,CMH,DFW,Fri,yes,18:25
760,110,WN,LAX,ELP,Thu,yes,14:04
3332,70,MQ,LBB,DFW,Mon,yes,05:49
6362,55,OH,HTS,CVG,Fri,yes,14:45
1849,179,CO,FLL,IAH,Mon,yes,11:40
1748,146,CO,IAH,FLL,Fri,yes,19:04
1622,220,AA,PDX,DFW,Sun,yes,12:19
1057,65,WN,OAK,BUR,Wed,yes,10:34
5068,82,EV,JAN,ATL,Sun,no,09:46
115,211,B6,JFK,MSY,Sat,no,20:48
1056,55,WN,LAS,ONT,Tue,yes,08:40
9,355,HA,LAX,HNL,Tue,yes,17:10
2946,165,DL,IAH,MSP,Wed,no,06:34
6412,92,OO,SFO,EUG,Thu,no,22:40
973,139,US,PVD,CLT,Wed,no,14:34
3767,135,9E,CLE,MSP,Fri,no,18:49
4487,199,OO,IAH,SLC,Thu,no,06:45
2960,55,MQ,DFW,SHV,Tue,yes,14:04
1506,270,DL,LAX,DTW,Fri,yes,05:45
1218,83,B6,BUF,BOS,Thu,yes,18:22
101,49,HA,ITO,HNL,Sat,no,06:22
2862,110,MQ,DFW,DSM,Fri,no,14:19
161,170,WN,MDW,HOU,Wed,yes,10:45
6,50,WN,CRP,HOU,Wed,yes,06:15
671,239,F9,MCO,DEN,Sat,no,17:01
2882,65,MQ,LBB,DFW,Tue,no,20:04
2229,140,AA,DFW,HDN,Tue,yes,11:40
1167,177,US,PHL,RSW,Fri,no,15:49
315,124,AS,SFO,SEA,Wed,no,07:00
1022,68,US,CLT,RIC,Thu,no,20:19
4502,85,OO,SLC,DEN,Sat,yes,17:00
1766,245,AA,SJU,IAD,Wed,yes,13:00
6511,92,OH,MEM,CVG,Sun,yes,18:55
669,80,WN,SMF,LAS,Fri,yes,06:00
7803,63,OO,TWF,SLC,Thu,yes,18:11
996,180,WN,LAS,HOU,Fri,yes,11:19
503,180,WN,BNA,DEN,Thu,yes,12:30
5952,104,XE,ORD,BHM,Tue,no,14:33
618,255,WN,BWI,DEN,Thu,yes,19:10
488,109,US,PHX,DEN,Mon,no,13:15
1171,185,WN,DEN,SEA,Wed,yes,15:00
2787,80,MQ,LRD,DFW,Sun,no,15:34
2462,170,AA,LAX,DFW,Wed,no,18:10
2923,192,DL,SEA,MSP,Mon,yes,00:34
114,161,UA,ORD,MCO,Sun,no,16:19
29,79,US,CLT,ATL,Mon,yes,09:19
1181,130,WN,STL,HOU,Fri,yes,10:34
2125,50,WN,BHM,BNA,Sat,no,10:25
2881,70,YV,PHX,ABQ,Sun,yes,16:15
4248,90,MQ,DSM,ORD,Thu,yes,18:40
1772,95,DL,TPA,ATL,Wed,no,15:04
531,75,WN,STL,CMH,Fri,no,09:00
6256,112,OO,FAR,ORD,Wed,no,13:28
2256,109,XE,AVL,EWR,Thu,no,11:45
6742,172,OO,DEN,CLE,Fri,no,10:05
2352,155,WN,MCI,TPA,Thu,yes,18:30
562,171,B6,FLL,SWF,Fri,yes,19:25
6974,67,OO,HDN,DEN,Wed,yes,06:19
2496,121,XE,IAH,SDF,Sat,yes,16:40
6651,133,OH,BNA,LGA,Mon,yes,17:46
683,148,FL,ATL,ICT,Wed,no,10:10
3772,215,MQ,ORD,SLC,Sun,no,08:25
613,154,AS,LAS,SEA,Sat,no,20:40
2592,64,XE,IND,CLE,Wed,yes,13:46
461,195,AA,BDL,MIA,Fri,no,14:40
558,133,F9,SAN,DEN,Thu,no,11:00
4789,47,OO,LAX,SAN,Sat,yes,18:40
55,111,AS,BRW,ANC,Thu,no,11:10
2901,114,YV,CLT,MEM,Mon,no,13:00
1268,125,WN,BWI,MKE,Tue,no,09:04
5291,72,EV,ATL,ECP,Wed,no,09:30
2782,160,MQ,LEX,DFW,Fri,yes,06:25
479,66,CO,IAH,SAT,Wed,yes,19:19
6742,55,OO,ASE,DEN,Thu,no,08:10
588,176,UA,DFW,IAD,Tue,no,16:53
984,98,FL,ATL,PIT,Sat,yes,10:30
1435,89,FL,PHF,BOS,Sun,no,06:30
1305,159,DL,DTW,MCO,Thu,yes,10:00
2253,190,AA,ORD,JAC,Fri,yes,09:30
2483,70,XE,LFT,IAH,Mon,no,17:10
1178,164,FL,GRR,RSW,Fri,no,15:34
6481,48,OO,LAX,SAN,Sun,yes,12:11
296,179,CO,LAS,IAH,Fri,yes,09:41
3896,114,9E,MSP,DAY,Thu,no,15:45
5020,115,EV,CAK,ATL,Sun,yes,18:21
3415,105,WN,PDX,SLC,Wed,yes,18:19
7214,121,YV,ORD,ORF,Fri,no,17:10
607,245,WN,MDW,LAS,Sun,yes,14:49
109,180,WN,MSY,DEN,Fri,no,06:00
478,116,UA,SFO,PDX,Thu,yes,10:37
36,199,AS,SEA,MSP,Sun,no,07:04
6556,81,OO,LMT,PDX,Sun,yes,09:13
944,170,WN,MDW,RSW,Thu,yes,14:34
468,103,FL,ATL,BWI,Wed,no,17:56
2552,162,DL,TPA,LGA,Fri,yes,19:28
6670,128,OH,ORF,CVG,Wed,yes,17:46
843,201,B6,BOS,FLL,Mon,yes,14:25
3756,89,9E,DTW,PIA,Thu,yes,15:19
2371,150,WN,FLL,BWI,Tue,yes,17:40
4529,90,MQ,BOS,JFK,Sun,no,18:30
796,166,CO,LAS,IAH,Tue,yes,19:45
407,125,US,PHX,SFO,Wed,yes,14:45
2327,109,XE,ICT,IAH,Tue,no,06:19
2172,85,US,DCA,LGA,Tue,no,13:00
624,111,UA,ORD,DCA,Mon,no,18:04
1033,210,AA,MIA,ORD,Mon,yes,16:04
1452,179,FL,HPN,PBI,Sun,no,16:04
2805,80,WN,MCI,MKE,Sat,no,12:30
2683,160,DL,DCA,MIA,Mon,no,07:55
4177,143,9E,JFK,CLE,Fri,yes,09:07
577,278,US,TPA,PHX,Thu,no,17:30
520,50,WN,RSW,MCO,Fri,no,11:10
1103,65,AA,ORD,STL,Thu,no,09:49
3064,122,XE,CHS,EWR,Fri,no,12:19
1133,70,WN,MAF,DAL,Tue,no,10:40
1458,75,WN,SMF,ONT,Mon,yes,10:19
922,90,WN,SMF,SNA,Tue,no,07:04
6248,104,OO,OKC,DEN,Sat,yes,13:37
6635,119,OO,ORD,ORF,Wed,no,13:49
684,83,B6,DCA,BOS,Wed,yes,14:15
1994,135,AA,IAH,MIA,Thu,no,06:00
164,152,B6,TPA,JFK,Sun,no,21:00
932,68,UA,RDU,IAD,Fri,no,19:38
298,85,WN,RNO,LAX,Tue,no,08:45
587,93,UA,SFO,SNA,Mon,yes,20:22
726,120,WN,DEN,STL,Fri,no,08:30
7138,91,EV,IAD,MHT,Fri,yes,17:04
1106,75,WN,LAX,OAK,Thu,no,10:34
2492,100,XE,RDU,EWR,Mon,no,19:49
1157,99,US,DTW,PHL,Thu,no,07:04
4206,104,9E,MEM,CMH,Sat,yes,09:00
221,208,FL,LAS,MKE,Thu,no,10:30
1360,160,AA,DFW,DCA,Sun,no,07:19
6673,44,OO,MRY,SFO,Tue,yes,09:25
2602,223,DL,LAS,ATL,Mon,no,08:10
3049,85,OO,MKE,PIT,Sun,no,11:34
27,140,WN,TPA,PIT,Sat,yes,17:55
485,265,US,PHL,DEN,Thu,no,18:00
445,70,WN,LAS,PHX,Thu,yes,10:55
7072,110,EV,MHT,IAD,Fri,no,14:19
303,165,AA,LGA,ORD,Tue,no,07:15
300,170,FL,DEN,ATL,Thu,no,06:40
2569,86,XE,IAH,MAF,Fri,no,14:55
1076,60,WN,LAX,LAS,Thu,no,09:19
4441,110,MQ,DTW,LGA,Wed,yes,13:15
1840,60,WN,FLL,TPA,Thu,yes,19:15
1900,159,DL,ATL,BOS,Fri,no,11:15
6536,80,OO,LAX,LAS,Tue,no,16:00
181,70,WN,LAS,SNA,Thu,no,12:10
2710,140,WN,RDU,STL,Mon,yes,17:40
630,122,UA,DEN,LAS,Thu,yes,17:53
6579,137,OO,TUS,SFO,Mon,yes,12:04
5196,119,EV,OMA,DTW,Mon,yes,10:15
2015,125,DL,IAD,ATL,Tue,yes,16:10
458,154,AS,SEA,LAX,Mon,yes,09:00
756,154,UA,SFO,DEN,Sun,no,05:49
1869,88,US,JAX,CLT,Wed,yes,19:49
452,182,B6,FLL,BOS,Mon,no,12:19
2736,182,DL,PHX,MEM,Mon,no,09:10
2064,120,WN,MCO,BNA,Sun,yes,15:00
37,176,B6,JFK,TPA,Sat,yes,07:49
7041,197,OO,SAT,LAX,Thu,yes,14:03
1249,82,US,CLT,JAX,Mon,no,08:00
684,135,UA,ORD,LGA,Thu,no,14:00
201,50,WN,HOU,CRP,Mon,yes,07:49
2015,85,XE,PIT,EWR,Fri,no,10:34
2267,82,XE,CLE,GRB,Fri,yes,20:45
419,270,AA,BOS,DFW,Wed,no,06:25
3005,45,MQ,LAX,SAN,Fri,no,22:30
7286,62,YV,PIT,IAD,Wed,yes,19:48
7048,115,OO,ORD,ATL,Fri,yes,16:03
2979,80,WN,MCI,MDW,Mon,yes,19:04
6299,55,OO,ATW,ORD,Fri,no,06:00
102,147,FL,ATL,DFW,Fri,yes,16:25
3096,50,MQ,SAN,LAX,Wed,no,20:55
488,60,WN,DAL,LIT,Sun,yes,14:45
286,67,B6,LGB,LAS,Sat,yes,17:45
2022,120,XE,IND,EWR,Fri,no,18:19
582,144,AS,PDX,SNA,Sun,no,07:04
1661,153,CO,PHX,IAH,Tue,no,14:34
6652,105,OO,MFR,SFO,Mon,yes,07:17
279,65,B6,LAS,LGB,Fri,no,08:19
2535,213,DL,LGA,MSY,Fri,yes,12:10
1055,32,YV,OGG,HNL,Fri,yes,13:30
3762,70,WN,SJC,ONT,Sun,no,18:19
1611,54,US,RDU,CLT,Thu,no,19:45
258,155,AS,SEA,LAX,Fri,no,08:00
1669,95,DL,ATL,MCO,Fri,no,19:00
321,125,AS,SJC,SEA,Fri,no,09:34
6892,50,OO,PDX,SEA,Thu,no,15:41
350,119,UA,ORD,RIC,Thu,no,13:11
2786,174,XE,CLE,MIA,Fri,yes,08:30
2039,165,XE,EWR,ORD,Fri,no,08:30
4347,85,MQ,DTW,ORD,Sun,no,10:00
5023,85,EV,EVV,ATL,Sat,yes,15:33
1801,163,DL,ATL,AUS,Sat,no,21:55
1217,75,WN,OAK,LAX,Sun,yes,07:30
589,75,WN,LAS,SLC,Mon,yes,21:34
593,235,AA,ORD,PHX,Thu,no,16:04
9,175,WN,FLL,PHL,Sun,no,14:19
7080,114,EV,PWM,IAD,Sun,no,05:30
2652,131,YV,CLT,LIT,Mon,yes,14:40
3030,65,MQ,MRY,LAX,Mon,no,17:04
1404,195,AA,RSW,ORD,Mon,no,15:45
6766,143,OH,MSN,LGA,Wed,yes,16:55
2291,75,WN,LAS,RNO,Fri,no,08:00
4580,125,MQ,CLT,LGA,Fri,yes,18:19
5273,146,EV,DTW,JAX,Wed,no,20:04
1133,90,DL,ATL,CVG,Sun,yes,18:49
6245,81,OO,MFR,SFO,Sun,no,06:17
797,160,WN,MDW,TPA,Thu,yes,14:34
424,50,WN,MCO,RSW,Mon,no,10:04
6543,57,OO,ORD,IND,Sun,no,17:37
1851,213,DL,MSP,LAS,Thu,no,07:04
1401,120,US,CLT,FLL,Tue,yes,16:15
2449,55,WN,HOU,SAT,Mon,no,08:49
6834,69,OO,RNO,SFO,Thu,yes,17:25
3720,108,9E,TYS,DTW,Wed,no,07:15
6259,109,OH,MSP,CMH,Sun,no,09:15
5279,136,EV,DTW,JAN,Fri,no,13:54
1570,70,WN,LAS,LAX,Sat,yes,11:04
2166,134,DL,MKE,ATL,Sat,no,06:49
4872,151,OO,SLC,MCI,Mon,yes,15:04
1079,70,WN,ISP,BWI,Tue,no,08:34
2889,80,MQ,DFW,CRP,Thu,no,10:30
5340,83,EV,ATL,ROA,Wed,no,16:10
6737,129,OH,EWR,DTW,Sun,no,16:19
343,170,AA,ORD,AUS,Sun,yes,19:55
770,111,F9,LAS,DEN,Fri,yes,15:33
3698,160,MQ,CVG,MIA,Fri,yes,19:19
5923,76,XE,ORD,CLE,Fri,yes,19:45
5313,105,EV,EWN,ATL,Sat,yes,06:00
2798,149,DL,ATL,PWM,Mon,yes,14:34
167,187,B6,JFK,TPA,Mon,no,17:00
623,143,AS,LAS,PDX,Sun,no,16:25
2875,172,XE,DAY,IAH,Wed,no,18:33
2612,205,DL,TPA,MSP,Mon,no,14:04
1230,215,AA,SEA,DFW,Thu,yes,23:30
1976,157,DL,MCO,LGA,Thu,yes,19:00
860,70,WN,PHX,SNA,Fri,yes,17:34
2696,65,YV,LAX,LAS,Fri,no,13:19
5196,138,EV,ATL,DSM,Fri,yes,08:25
5108,74,EV,ATL,FAY,Sat,no,10:49
4141,100,MQ,ORD,MCI,Mon,no,17:25
531,162,AS,ONT,SEA,Fri,yes,17:15
1468,124,US,TPA,DCA,Sun,no,13:25
4106,65,MQ,GRR,ORD,Thu,no,10:49
1886,60,AA,MIA,MCO,Mon,yes,15:00
4805,70,OO,SLC,BOI,Sun,yes,13:40
3075,62,OO,MKE,IND,Mon,no,19:55
31,65,WN,LBB,DAL,Tue,no,12:30
1810,65,AA,AUS,DFW,Sun,no,06:34
451,170,AS,LAX,SEA,Thu,yes,08:15
5110,86,EV,ATL,EVV,Thu,no,21:58
1645,190,CO,CLE,IAH,Mon,yes,17:49
1065,115,WN,DEN,LAS,Mon,yes,15:04
3337,65,WN,RNO,SJC,Thu,no,07:34
775,150,AA,MIA,STT,Tue,yes,12:25
434,75,UA,ORD,CMH,Mon,yes,06:55
687,149,CO,MCO,IAH,Fri,yes,14:45
1657,210,AA,JFK,MIA,Thu,no,16:04
7241,72,YV,IAD,SYR,Sun,no,08:20
1656,116,US,BUF,CLT,Sat,yes,06:19
36,55,WN,HOU,DAL,Mon,no,15:00
331,275,UA,ORD,SEA,Sat,no,09:45
1322,93,DL,MSY,ATL,Mon,no,16:15
2493,205,AA,DFW,LAX,Wed,yes,21:45
5591,74,EV,TLH,ATL,Sun,no,16:34
4381,70,MQ,JFK,BOS,Wed,no,08:40
19,50,WN,HOU,CRP,Mon,no,12:25
5424,71,EV,AVL,ATL,Tue,no,08:40
6450,84,OH,CVG,MDT,Fri,no,11:15
1495,124,DL,ATL,EYW,Wed,no,09:40
1466,237,CO,SEA,IAH,Fri,yes,01:10
630,150,AA,MCO,JFK,Sat,no,12:00
1767,282,CO,IAH,SEA,Tue,yes,09:40
91,359,CO,EWR,LAX,Sat,yes,06:58
2203,90,XE,TUL,IAH,Thu,no,10:46
892,240,FL,LAX,MKE,Thu,no,12:00
4967,107,EV,ATL,BMI,Sun,yes,17:19
47,349,UA,LAX,OGG,Thu,no,14:19
7078,59,EV,IAD,GSO,Sat,no,22:00
6472,105,OO,LAX,ABQ,Wed,no,08:00
5560,74,EV,BHM,ATL,Thu,no,17:00
3364,150,MQ,TLH,DFW,Mon,no,17:00
7130,86,EV,CVG,ORD,Fri,yes,17:31
1733,86,US,DCA,CLT,Sat,yes,13:45
7028,128,OO,DEN,SAT,Tue,no,10:30
406,92,UA,BIL,DEN,Mon,no,13:41
1484,115,WN,TPA,ORF,Sat,no,14:30
2311,125,WN,SEA,OAK,Fri,yes,13:19
2448,137,DL,CVG,RSW,Tue,yes,20:25
1182,107,US,CLT,LGA,Tue,yes,14:25
470,109,FL,ATL,BWI,Thu,no,20:55
2664,70,XE,EWR,BDL,Wed,yes,08:46
202,91,UA,SFO,LAX,Sat,no,08:45
954,160,FL,BWI,FLL,Fri,no,08:45
765,157,UA,DEN,LAX,Tue,yes,18:48
1677,260,AA,ORD,SNA,Fri,no,18:45
1717,168,US,PHL,PBI,Thu,yes,17:55
3505,235,WN,SAN,MDW,Tue,yes,09:55
299,152,CO,IAH,DEN,Sun,yes,20:55
1957,134,DL,SLC,SEA,Fri,yes,20:10
16,282,US,PHX,JFK,Sun,no,16:16
2384,55,XE,SHV,IAH,Mon,no,06:00
469,65,WN,LAX,SJC,Sun,yes,15:45
5382,100,EV,DTW,TRI,Fri,no,19:55
2829,95,YV,FAT,PHX,Thu,no,16:15
659,208,CO,DCA,IAH,Tue,no,08:00
2612,56,YV,CLT,FAY,Fri,no,20:25
2182,129,XE,COS,IAH,Wed,yes,14:04
551,170,AS,PSP,SEA,Mon,no,10:15
1808,120,DL,DEN,MSP,Wed,no,18:55
1222,219,DL,SLC,ATL,Wed,no,17:00
7235,70,YV,IAD,ALB,Mon,no,08:15
4959,55,EV,ATL,ABY,Thu,no,20:36
689,220,AA,ORF,DFW,Sun,no,06:19
4982,154,EV,ATL,GRK,Mon,no,10:00
4247,83,9E,SCE,DTW,Fri,yes,12:37
1048,185,WN,SAT,SAN,Thu,yes,16:10
2418,180,DL,DTW,RSW,Sun,no,08:00
146,152,B6,PBI,JFK,Thu,yes,06:00
2694,83,YV,LGB,PHX,Mon,no,12:40
231,350,AA,MIA,LAX,Wed,no,18:00
963,105,WN,MDW,BHM,Thu,no,10:00
1068,205,B6,AUS,JFK,Sun,no,18:25
1462,125,AA,ORD,EWR,Sat,yes,08:49
189,118,FL,DCA,ATL,Sat,no,12:40
5288,69,EV,JAN,MEM,Fri,no,06:30
198,184,F9,DAY,DEN,Mon,no,16:10
3071,124,XE,EWR,DAY,Sun,yes,20:52
856,150,WN,HOU,DEN,Wed,no,14:10
578,238,US,PHX,TPA,Sun,no,09:55
6246,69,OO,FAT,LAX,Thu,yes,10:10
500,180,WN,SAN,HOU,Mon,yes,08:49
1989,65,US,RDU,CLT,Tue,no,07:15
1553,392,DL,JFK,SNA,Thu,no,09:07
595,115,AA,ATL,MIA,Wed,no,07:45
5958,104,XE,BNA,IAD,Sun,yes,08:50
347,120,AS,OAK,SEA,Sat,no,07:00
2115,65,WN,PHX,ELP,Sat,no,07:55
1690,141,DL,ATL,BDL,Wed,no,12:25
2873,65,MQ,DFW,MLU,Tue,yes,09:10
1681,122,DL,EWR,DTW,Fri,no,19:41
2470,165,AA,LAX,DFW,Sat,no,19:00
1662,131,CO,IAH,RSW,Fri,yes,19:19
1831,257,DL,SLC,MCO,Tue,no,10:04
1326,275,WN,MDW,LAX,Sun,yes,08:49
679,227,US,STL,PHX,Tue,yes,07:10
7111,75,EV,IAD,JFK,Tue,yes,08:15
728,266,CO,EWR,DEN,Thu,yes,14:45
4389,60,9E,DLH,MSP,Sat,no,06:49
6470,106,OO,LAX,SLC,Wed,yes,21:00
1592,95,WN,ECP,BNA,Thu,yes,17:49
961,75,WN,ONT,OAK,Wed,yes,10:25
242,188,DL,MIA,DTW,Sat,yes,13:26
2020,60,WN,GEG,BOI,Tue,yes,15:45
660,77,US,PHX,SNA,Wed,no,17:49
1494,127,US,MIA,CLT,Mon,no,08:30
1385,60,WN,BUR,LAS,Wed,yes,12:49
7107,84,EV,LGA,IAD,Wed,yes,19:26
3069,69,XE,HRL,IAH,Mon,no,11:04
728,267,CO,EWR,DEN,Thu,yes,14:34
1111,64,CO,EWR,BOS,Tue,no,10:34
5951,97,XE,ORD,MDT,Wed,no,06:55
5975,97,XE,ORD,MDT,Fri,no,07:00
625,279,US,PIT,PHX,Sat,no,11:10
1011,40,YV,KOA,HNL,Sat,no,08:25
1538,287,US,SFO,CLT,Tue,yes,13:30
6484,140,OO,DEN,ATW,Wed,no,10:10
1072,180,AA,DFW,PHL,Tue,no,20:04
1252,145,WN,SAT,DEN,Sun,yes,17:55
1566,85,WN,DAL,MCI,Sun,yes,13:04
926,85,WN,OAK,LAS,Wed,yes,17:40
1287,190,AA,DFW,ONT,Fri,yes,09:40
2187,192,XE,EWR,MSP,Tue,no,06:30
4093,65,MQ,GRB,ORD,Wed,no,07:00
4283,135,9E,DAY,MSP,Fri,no,16:49
7072,89,EV,IAD,MHT,Sun,yes,12:19
1064,92,DL,ATL,MLB,Wed,no,20:49
1135,99,US,PVD,PHL,Sun,yes,15:30
1602,220,DL,LAS,ATL,Fri,yes,06:00
1453,223,DL,MSP,SEA,Thu,no,09:45
1798,267,US,LAS,PHL,Sun,no,22:34
6343,143,OO,SLC,SFO,Sat,yes,11:10
2670,110,YV,CLT,MEM,Sat,yes,19:49
3623,135,MQ,MIA,ORF,Mon,no,13:45
4511,90,OO,DEN,SLC,Mon,yes,14:40
82,331,UA,HNL,LAX,Thu,yes,13:49
3484,80,WN,SMF,SAN,Thu,no,21:10
6334,96,OO,ICT,DEN,Mon,yes,06:40
1009,182,FL,RSW,BOS,Sun,yes,10:52
4166,120,9E,CLE,JFK,Tue,no,17:00
310,205,WN,HOU,LAS,Tue,yes,19:00
4382,79,MQ,BOS,JFK,Tue,yes,06:00
167,295,CO,IAH,SEA,Sun,no,07:30
6241,97,OO,CRW,ORD,Thu,no,06:00
530,65,WN,MDW,CMH,Sun,no,16:25
3059,76,XE,IAH,MOB,Thu,no,07:45
4626,75,OO,SFO,LAX,Thu,no,07:00
2527,170,AA,DFW,SLC,Mon,yes,14:55
877,95,WN,ELP,DAL,Thu,yes,11:04
6522,78,OO,LAX,PHX,Wed,yes,12:50
2723,91,YV,BFL,PHX,Tue,no,16:08
3276,120,MQ,DSM,DFW,Wed,no,15:04
502,60,WN,ONT,LAS,Wed,yes,06:30
6468,185,OO,MKE,DEN,Sat,yes,15:58
1717,168,US,PHL,PBI,Sat,no,17:55
1550,193,DL,LAS,MSP,Wed,no,07:00
496,99,AA,ORD,DCA,Sun,yes,06:19
766,169,B6,BQN,MCO,Sat,yes,04:00
2745,81,YV,ABQ,PHX,Tue,no,12:25
4283,135,9E,DAY,MSP,Sat,yes,16:49
593,144,UA,DEN,SNA,Wed,no,21:16
126,236,UA,LAX,ORD,Tue,no,23:04
588,171,B6,FLL,HPN,Thu,yes,18:19
2692,123,YV,CLT,MSY,Sat,yes,09:25
1412,175,AA,MIA,JFK,Tue,yes,21:00
1063,37,YV,HNL,LIH,Thu,no,12:30
6491,169,OH,LGA,JAX,Fri,no,13:49
2349,145,WN,ALB,MDW,Fri,yes,06:49
1443,66,US,RDU,CLT,Sun,yes,14:24
1278,93,B6,RIC,BOS,Sun,no,06:42
2401,104,DL,SLC,PHX,Sat,yes,20:01
2283,155,WN,MCO,BUF,Fri,yes,12:40
2988,133,DL,MCO,CVG,Mon,yes,16:10
688,122,FL,ICT,ATL,Tue,no,12:28
807,79,FL,BWI,BOS,Wed,yes,08:30
268,215,WN,LAS,MDW,Thu,yes,15:19
2071,97,DL,SLC,PHX,Tue,no,11:05
1427,80,WN,MDW,BNA,Thu,yes,13:49
3984,70,MQ,ORD,DAY,Mon,no,08:34
4137,51,9E,DTW,MBS,Sun,yes,21:45
717,91,FL,CAK,LGA,Wed,yes,14:09
6765,38,OO,MOD,SFO,Fri,yes,10:43
5590,66,EV,XNA,MEM,Sat,no,06:30
1028,40,YV,HNL,KOA,Mon,no,17:04
439,164,DL,JFK,ATL,Fri,no,06:00
31,293,UA,LAX,IAD,Sun,yes,12:56
1109,124,US,JFK,CLT,Tue,no,12:00
2963,152,DL,MSP,ATL,Sat,yes,14:19
6359,119,OO,DEN,DFW,Sat,yes,08:30
2678,128,DL,MCO,DCA,Fri,no,19:55
483,225,F9,MKE,PHX,Sun,no,14:34
654,86,US,PHX,SNA,Mon,no,11:25
74,280,AA,LAX,IAD,Thu,no,22:45
86,205,AS,ANC,SEA,Fri,no,12:30
1184,200,AA,PHX,ORD,Wed,no,06:49
1918,170,AA,TPA,ORD,Fri,no,15:49
2626,116,DL,FLL,ATL,Mon,no,06:04
5189,83,EV,TYS,ATL,Sun,no,07:31
6268,128,OO,XNA,DEN,Sat,no,08:52
146,155,CO,IAH,ORD,Mon,yes,13:15
1672,155,AA,DFW,MIA,Thu,no,18:30
6961,92,OO,LNK,DEN,Tue,no,12:58
1664,96,DL,STL,MSP,Mon,yes,07:40
2377,119,DL,ORD,ATL,Mon,yes,08:30
632,200,AA,DFW,BOS,Tue,yes,18:19
431,129,FL,MKE,ATL,Tue,no,06:30
1022,70,WN,LAS,SNA,Thu,yes,18:34
861,368,AS,PDX,OGG,Thu,no,10:00
4696,107,OO,OAK,SLC,Tue,yes,10:09
1391,69,DL,BOS,LGA,Tue,no,15:30
304,132,UA,MCO,IAD,Thu,no,16:33
3353,70,MQ,DFW,AMA,Thu,yes,17:25
680,85,WN,LAS,SJC,Thu,no,17:45
1005,135,WN,ABQ,STL,Fri,yes,11:15
573,90,WN,MDW,OMA,Fri,yes,20:40
301,339,B6,IAD,LGB,Mon,no,12:19
2374,125,AA,DFW,ORD,Thu,yes,20:40
4651,74,OO,MSP,OMA,Wed,yes,07:25
3770,125,9E,ATL,MKE,Fri,no,16:45
6585,85,OH,ATW,DTW,Wed,no,18:19
3016,101,XE,IAH,VPS,Mon,no,19:55
6612,125,OH,JFK,RDU,Tue,no,20:04
7111,76,EV,IAD,JFK,Sat,yes,08:15
2105,60,XE,GRR,CLE,Sun,yes,16:45
6681,120,OH,PHL,DTW,Tue,yes,14:33
3775,93,9E,DTW,MLI,Fri,no,09:00
5217,82,EV,ATL,JAN,Mon,no,13:28
1768,220,DL,LAX,MSP,Wed,no,00:30
2796,71,DL,MSP,MKE,Tue,no,10:10
3603,100,MQ,MIA,CHS,Sun,yes,21:15
199,120,FL,DCA,ATL,Thu,yes,14:43
1704,108,US,CLT,BDL,Fri,no,22:08
6285,164,OO,MTJ,ORD,Wed,yes,13:11
1983,70,DL,ATL,PNS,Thu,no,12:19
938,150,UA,DEN,ORD,Fri,no,15:48
2544,92,DL,MSP,MCI,Thu,no,19:10
1976,110,WN,BWI,IND,Thu,yes,13:55
779,286,UA,BOS,DEN,Tue,yes,14:54
1237,135,AA,PHX,DFW,Sun,no,08:04
27,317,US,PHL,PHX,Wed,yes,06:55
170,125,WN,PDX,LAS,Sun,yes,12:00
420,174,F9,DEN,ATL,Sat,yes,10:28
2589,149,DL,ATL,MCI,Wed,no,08:49
6889,194,OO,ORD,ELP,Wed,yes,17:58
2709,110,MQ,DFW,PIA,Mon,no,14:55
6344,134,OH,CVG,MSP,Wed,yes,19:25
6445,80,OO,LAX,TUS,Fri,no,21:15
555,327,CO,CLE,SFO,Sun,yes,08:55
1031,195,AA,FLL,DFW,Tue,yes,18:25
10,325,HA,HNL,LAX,Thu,yes,08:00
342,310,WN,JAX,LAS,Sun,yes,13:40
934,85,WN,SMF,SNA,Sun,yes,16:30
553,175,AA,RSW,DFW,Sun,no,19:04
1631,102,US,CLT,TPA,Wed,no,09:28
507,167,CO,ONT,IAH,Thu,no,01:15
782,216,UA,ABQ,IAD,Thu,no,08:16
1247,157,US,PBI,PHL,Mon,no,13:49
2209,159,XE,GSP,IAH,Mon,no,18:40
1985,135,WN,MCO,PIT,Sat,no,13:15
6440,155,OO,COS,LAX,Mon,yes,18:46
4016,55,MQ,ORD,FWA,Fri,no,09:19
126,155,WN,AUS,FLL,Tue,yes,14:00
654,86,US,PHX,SNA,Fri,no,11:25
1881,215,AA,IAD,DFW,Thu,no,15:40
426,135,WN,LAX,DEN,Sat,no,13:45
298,85,WN,RNO,LAX,Wed,yes,08:45
735,108,US,PHL,CLT,Tue,no,15:34
695,93,FL,SRQ,ATL,Sun,yes,16:19
831,175,WN,PHX,PDX,Mon,yes,13:40
3835,165,9E,LGA,SAV,Thu,yes,09:00
6473,65,OO,IPL,LAX,Fri,yes,14:25
2983,75,XE,DCA,CLE,Sun,yes,18:30
358,90,WN,MCI,DAL,Sun,no,13:30
3750,50,9E,DTW,LAN,Tue,yes,13:49
6219,177,OO,LAX,DFW,Wed,yes,13:16
1111,65,WN,OAK,BUR,Fri,yes,18:00
1370,69,DL,LGA,BOS,Wed,no,06:30
951,85,WN,MDW,MSP,Tue,yes,08:40
1949,85,WN,TPA,BHM,Fri,no,08:00
272,70,WN,SAN,TUS,Tue,yes,14:10
28,153,B6,TPA,JFK,Sun,no,19:34
1936,90,AA,LAX,SFO,Sun,no,12:04
1644,79,DL,ATL,CLT,Tue,yes,17:19
6342,113,OH,XNA,ATL,Thu,no,16:06
6673,98,OH,JFK,DCA,Wed,no,17:22
3743,137,9E,BOS,RDU,Wed,no,12:19
2747,175,DL,LGA,ATL,Wed,yes,19:00
543,66,US,LAS,LAX,Wed,yes,15:45
1139,250,CO,EWR,DFW,Thu,no,18:00
1886,165,AA,SJU,MIA,Wed,yes,12:15
2550,136,XE,IAH,CLT,Wed,no,14:15
1483,157,FL,DTW,MCO,Sat,yes,19:55
7135,90,EV,CHS,IAD,Wed,yes,10:09
661,75,WN,LAX,OAK,Thu,yes,16:45
6743,130,OO,SNA,DEN,Mon,no,17:13
3658,200,WN,PHX,MDW,Tue,no,18:25
690,82,B6,DCA,BOS,Sun,yes,20:00
1030,85,WN,SJC,LAS,Tue,no,07:30
1459,349,US,CLT,SFO,Fri,no,11:45
320,287,UA,SEA,IAD,Wed,yes,23:19
1928,100,AA,LAX,SFO,Mon,yes,09:55
1127,55,WN,AUS,DAL,Wed,no,06:30
192,175,CO,EWR,MCO,Sun,yes,08:34
1065,115,WN,DEN,LAS,Fri,yes,15:04
1876,110,WN,MDW,RDU,Sat,yes,16:55
751,173,US,PHL,MIA,Sun,no,15:34
3638,160,MQ,MIA,CMH,Thu,no,07:04
634,105,US,SJC,PHX,Tue,yes,12:30
4030,100,9E,JFK,BTV,Mon,yes,14:00
1682,85,AA,DFW,MEM,Sat,no,12:45
7078,59,EV,IAD,GSO,Fri,no,22:10
2876,59,XE,CRP,IAH,Fri,yes,14:19
3832,95,9E,DSM,MEM,Thu,no,11:22
101,276,UA,ORD,LAX,Wed,no,07:04
6754,47,OO,DEN,ASE,Tue,no,20:15
6632,107,OO,DEN,SGF,Sun,no,10:04
6521,96,OH,RDU,LGA,Tue,no,12:52
656,160,AA,DFW,BWI,Mon,no,21:15
248,43,HA,HNL,KOA,Wed,no,17:46
1890,104,DL,ATL,STL,Wed,no,13:45
6365,48,OO,ORD,MSN,Tue,no,16:01
3657,160,MQ,MIA,PIT,Mon,no,08:45
3408,80,WN,BUR,SMF,Sun,no,16:04
3071,84,OO,MKE,OMA,Sun,yes,09:00
1494,135,DL,ATL,PHL,Sun,no,08:34
2730,175,XE,IAH,PHX,Thu,no,07:34
372,180,AA,SJU,TPA,Wed,yes,20:45
16,325,HA,HNL,SAN,Tue,yes,13:10
198,90,WN,MDW,MCI,Sun,yes,09:25
2772,118,XE,ELP,IAH,Thu,no,15:13
1686,85,WN,TPA,BHM,Thu,yes,19:19
1808,120,DL,DEN,MSP,Wed,yes,18:55
681,193,AA,JFK,MIA,Sun,yes,10:40
493,183,AS,SAN,SEA,Tue,no,06:30
2662,70,WN,CMH,BWI,Sun,no,08:19
1270,80,US,PIT,PHL,Thu,yes,07:45
1096,112,DL,RSW,ATL,Sat,no,19:01
2644,63,YV,CLT,MYR,Sun,yes,20:19
812,70,WN,BWI,PVD,Mon,no,07:45
2890,102,DL,ATL,DAY,Tue,no,08:34
2040,329,DL,SFO,JFK,Fri,no,15:30
18,329,AA,SFO,JFK,Wed,no,23:00
4295,110,9E,JFK,LWB,Mon,no,12:30
1853,170,CO,CLE,RSW,Fri,yes,08:30
799,164,US,PHL,MCO,Thu,no,18:15
2760,159,XE,IAH,MSP,Fri,no,13:30
6667,202,OO,SFO,MCI,Sun,no,10:37
1002,60,WN,AUS,HRL,Wed,no,08:40
37,335,UA,SFO,OGG,Wed,yes,14:15
1684,175,WN,DEN,PDX,Sun,yes,11:45
6652,137,OH,DTW,OMA,Mon,no,19:49
3710,105,MQ,ORD,XNA,Thu,no,17:34
11,90,WN,SAN,OAK,Wed,yes,15:40
1133,260,CO,EWR,DFW,Sun,no,07:49
1900,154,DL,ATL,BOS,Fri,no,11:15
4493,80,OO,SLC,BZN,Sat,no,11:25
2915,90,WN,DEN,TUL,Sat,no,10:34
323,75,WN,LAS,TUS,Fri,yes,15:40
2349,182,XE,MKE,IAH,Fri,no,07:40
2306,175,WN,DEN,PDX,Fri,no,13:04
347,165,CO,ORD,IAH,Fri,yes,08:04
7760,69,OO,SLC,EKO,Mon,no,13:40
3739,95,9E,BMI,MSP,Wed,no,19:04
4537,105,MQ,RDU,JFK,Sun,no,17:10
419,177,UA,DEN,PDX,Mon,yes,21:38
6361,106,OO,TUL,DEN,Fri,no,12:13
683,265,AS,ORD,PDX,Fri,no,17:00
3757,103,9E,BGM,DTW,Sun,no,06:00
3640,170,MQ,CMH,MIA,Wed,no,07:04
2465,265,AA,BOS,DFW,Thu,yes,13:25
2926,108,XE,ATL,CLE,Mon,no,17:45
2687,138,DL,CVG,MCO,Fri,yes,09:15
343,170,AA,ORD,AUS,Sun,no,19:55
2251,118,XE,IND,EWR,Thu,yes,06:07
4289,110,MQ,CHA,ORD,Fri,yes,17:15
491,117,US,DEN,PHX,Tue,no,18:19
2788,105,MQ,DFW,MGM,Thu,yes,19:19
6449,102,OH,GSO,ATL,Thu,no,12:19
1028,120,AA,DEN,DFW,Tue,yes,17:19
6887,72,OO,MBS,ORD,Sat,no,18:46
723,128,UA,DFW,DEN,Mon,no,15:41
5551,79,EV,VPS,ATL,Sat,no,07:45
923,125,WN,BWI,MKE,Mon,yes,13:10
1461,175,DL,RSW,DTW,Tue,no,11:25
3844,120,MQ,ORD,ATL,Sat,yes,08:15
1159,125,WN,SLC,OAK,Wed,yes,20:04
1434,135,WN,STL,HOU,Wed,yes,16:19
377,171,CO,RSW,EWR,Tue,yes,13:07
2708,155,DL,FLL,CVG,Tue,yes,07:34
554,260,AA,SFO,ORD,Fri,no,14:15
4627,81,OO,HLN,SLC,Tue,no,13:10
6742,89,OH,DTW,SDF,Thu,no,12:00
6606,120,OO,DEN,MLI,Fri,no,11:15
5980,108,XE,ORD,XNA,Fri,no,17:58
2214,93,XE,IAH,BHM,Sun,no,18:15
2731,85,WN,SMF,SAN,Mon,yes,20:04
1166,85,US,CLT,PIT,Wed,no,11:30
513,140,WN,ORF,MDW,Tue,yes,09:49
4198,80,MQ,ORD,CLE,Fri,no,10:19
1140,125,AA,DFW,ATL,Fri,no,07:55
2841,79,YV,PHX,YUM,Mon,no,09:45
3311,145,WN,DEN,BNA,Mon,yes,14:49
7091,105,EV,IAD,SAV,Mon,yes,17:04
7288,129,YV,ATL,ORD,Wed,yes,14:48
1127,111,DL,ATL,PBI,Sun,no,15:00
1019,32,YV,OGG,HNL,Tue,no,18:55
155,34,HA,OGG,HNL,Sat,no,08:39
1669,65,WN,LBB,ABQ,Wed,no,07:30
6859,149,OO,PDX,DEN,Fri,yes,17:31
184,101,FL,ATL,DCA,Fri,no,07:34
5032,50,EV,CSG,ATL,Tue,no,14:18
1498,70,WN,RNO,LAS,Mon,no,20:49
254,144,UA,DEN,ORD,Tue,no,17:08
1970,100,US,TPA,CLT,Sat,no,08:34
1987,198,DL,PHL,MSP,Fri,no,08:15
3067,90,WN,MCI,DAL,Sun,yes,20:45
741,157,B6,MCO,SJU,Wed,yes,07:00
955,140,WN,MCI,BWI,Mon,no,10:40
90,317,B6,OAK,JFK,Wed,no,21:25
536,132,UA,ORD,LGA,Sun,no,07:04
185,100,US,RNO,PHX,Wed,yes,12:34
2791,135,XE,IAH,CVG,Mon,no,13:34
2233,59,DL,ATL,BHM,Thu,yes,19:30
8,425,AA,HNL,DFW,Wed,no,18:19
869,70,WN,DAL,AMA,Sun,no,07:30
2491,150,XE,JAX,IAH,Thu,no,08:58
6627,168,OO,MSN,DEN,Sat,yes,10:19
7,375,AS,EWR,SEA,Fri,yes,18:30
740,146,UA,OAK,DEN,Wed,no,06:00
356,157,UA,SEA,DEN,Wed,yes,14:22
834,125,WN,BWI,JAX,Sat,yes,16:49
2675,85,XE,OKC,IAH,Mon,no,06:19
3683,90,9E,SCE,DTW,Sat,yes,06:10
2958,65,WN,DAL,SAT,Sun,no,08:49
1847,125,AA,DFW,DEN,Sun,yes,11:25
2060,122,DL,MIA,ATL,Sun,yes,16:00
244,218,DL,LAX,MSP,Sun,yes,10:34
5601,55,EV,ATL,DHN,Tue,yes,17:00
2411,205,AA,DFW,LAX,Mon,no,07:55
2576,93,XE,IAH,BHM,Sun,no,11:00
677,255,AA,DFW,PDX,Mon,no,17:00
2228,130,AA,HDN,DFW,Fri,no,13:55
5272,109,EV,MEM,CLE,Fri,no,08:30
153,95,WN,IND,BWI,Mon,yes,15:04
7000,95,OO,SGF,ORD,Tue,yes,16:55
3507,80,WN,LAX,TUS,Sun,yes,11:49
711,175,WN,SAT,LAS,Thu,yes,08:04
731,231,B6,BOS,SJU,Tue,no,23:58
146,137,F9,DEN,HOU,Mon,no,11:46
1349,215,AA,DFW,FAT,Mon,yes,20:10
378,90,WN,DAL,BHM,Mon,no,18:25
908,96,US,TPA,CLT,Fri,no,05:10
685,304,CO,PDX,EWR,Thu,no,21:55
247,70,WN,DTW,MDW,Tue,yes,15:45
2753,190,DL,LGA,TPA,Thu,no,07:49
6516,105,OO,LAS,SFO,Fri,no,18:16
727,237,F9,DCA,DEN,Wed,yes,13:45
2139,81,US,BOS,LGA,Tue,yes,18:00
866,235,CO,SEA,IAH,Sat,yes,23:45
1248,107,DL,ATL,PIT,Fri,no,09:45
1159,125,WN,SLC,OAK,Mon,yes,20:04
397,198,CO,IAH,LAS,Sat,yes,17:45
669,175,AA,CLT,DFW,Sat,no,12:30
620,111,UA,ORD,DCA,Fri,yes,16:04
6261,95,OO,SFO,RDM,Sat,yes,12:49
4850,172,OO,SLC,DFW,Mon,no,09:49
1869,133,US,SYR,CLT,Sun,yes,19:04
176,117,UA,ORD,IAD,Sun,no,16:13
822,71,UA,IAD,RDU,Mon,yes,17:40
546,100,WN,OMA,DEN,Wed,yes,13:04
704,110,WN,BHM,BWI,Mon,yes,12:04
290,70,WN,SNA,PHX,Sun,yes,09:10
2598,115,XE,IAH,MCI,Sun,yes,17:30
1094,165,DL,ATL,MSP,Fri,no,18:55
739,60,WN,TPA,FLL,Wed,yes,17:40
720,125,WN,MDW,BDL,Wed,yes,13:34
3501,95,WN,MSP,MDW,Tue,yes,08:00
2220,87,DL,ORD,DTW,Sat,yes,10:15
962,201,UA,CMH,DEN,Mon,no,15:33
1464,55,AA,DFW,TUL,Sun,no,20:45
3753,115,9E,MKE,MEM,Thu,no,11:00
496,195,WN,DEN,IAD,Fri,yes,10:19
2187,160,WN,PHL,STL,Wed,yes,15:55
2795,110,DL,SLC,SAN,Thu,no,15:04
1046,185,WN,MCI,PHX,Mon,yes,10:25
1378,72,DL,LGA,BOS,Thu,no,10:30
443,204,B6,BOS,TPA,Sun,yes,08:26
3159,250,WN,LAS,TPA,Fri,yes,16:34
2702,94,YV,SBP,PHX,Tue,no,06:25
1743,133,FL,MCO,PIT,Tue,no,11:10
1283,116,DL,ATL,MDW,Fri,no,17:19
1656,116,US,BUF,CLT,Fri,no,06:25
36,199,AS,SEA,MSP,Wed,no,07:04
522,151,B6,MCO,EWR,Sat,no,10:45
903,85,WN,MCI,MDW,Thu,yes,16:55
3245,155,WN,PDX,PHX,Wed,yes,06:00
3604,170,MQ,CVG,MIA,Sat,no,07:10
788,344,UA,SFO,BOS,Thu,no,11:19
1381,85,WN,SAN,OAK,Tue,no,20:34
2219,141,XE,TYS,IAH,Sun,no,18:28
3666,123,9E,TUL,MSP,Fri,no,11:37
2263,55,WN,SAT,DAL,Wed,yes,20:25
1125,182,DL,EGE,ATL,Wed,no,12:40
3815,108,9E,MEM,MKE,Wed,no,08:40
1043,65,WN,BWI,BDL,Fri,yes,17:40
1802,264,DL,SNA,ATL,Wed,no,06:45
1767,85,WN,ELP,AUS,Sun,no,06:40
2031,80,WN,LAS,ABQ,Wed,yes,14:34
3670,85,MQ,TLH,MIA,Sun,no,12:55
1810,112,US,RSW,CLT,Wed,yes,15:00
1144,205,AA,PHX,ORD,Sun,no,11:19
1420,119,CO,IAH,ATL,Sat,no,10:30
675,192,CO,PIT,IAH,Sat,no,17:40
1347,225,AA,DFW,SJC,Sat,no,09:49
4676,172,OO,BOI,MSP,Wed,yes,10:37
407,70,WN,FLL,JAX,Mon,no,06:55
140,148,B6,PBI,JFK,Thu,yes,08:01
2658,67,YV,CHS,CLT,Fri,no,16:04
1201,65,AA,ORD,STL,Thu,no,15:10
2324,117,DL,ATL,BWI,Wed,no,08:34
1775,195,AA,DFW,SNA,Fri,no,11:15
1126,178,US,CLT,DFW,Wed,yes,14:45
488,230,AA,SEA,DFW,Fri,yes,06:10
858,160,AA,MIA,PHL,Thu,no,07:40
258,132,FL,FNT,ATL,Tue,no,12:52
1328,84,B6,BWI,BOS,Mon,yes,17:34
682,83,B6,DCA,BOS,Fri,no,12:00
2454,180,AA,LAX,DFW,Thu,yes,16:45
2953,87,XE,OKC,IAH,Mon,yes,16:33
1393,73,DL,BOS,LGA,Mon,no,16:30
3084,95,XE,CLE,LGA,Thu,no,17:00
1105,182,US,CLT,DFW,Wed,no,18:10
4158,134,9E,IAH,ATL,Sun,yes,10:49
767,65,WN,LIT,DAL,Wed,no,12:00
704,94,UA,OMA,ORD,Fri,no,13:37
3239,155,WN,MCI,TPA,Thu,no,18:25
5339,77,EV,TRI,ATL,Fri,no,07:15
6525,47,OO,SFO,SMF,Wed,yes,22:56
2183,162,XE,IND,IAH,Fri,no,09:04
24,55,WN,HOU,DAL,Sat,yes,12:00
3926,110,WN,ABQ,MCI,Fri,no,11:30
104,73,US,LAS,LAX,Tue,no,10:49
2865,85,MQ,DFW,MHK,Fri,yes,14:49
1633,125,WN,MDW,PVD,Sun,no,14:00
1762,163,B6,SJU,FLL,Sun,no,04:30
2744,150,MQ,DFW,FAY,Sat,no,19:00
2411,160,DL,ATL,DFW,Mon,no,10:55
3618,80,MQ,TLH,MIA,Thu,no,18:19
4262,84,9E,SCE,DTW,Thu,no,17:00
1032,189,FL,PIT,RSW,Mon,no,08:30
2855,124,DL,CVG,TPA,Fri,no,16:10
1717,205,DL,ATL,DEN,Sun,yes,11:15
38,50,WN,CRP,HOU,Fri,no,14:19
4358,117,9E,SAT,MEM,Sat,no,16:13
3971,60,MQ,SPI,ORD,Mon,no,14:19
258,320,WN,RDU,LAS,Tue,no,14:34
997,93,US,PIT,CLT,Wed,yes,12:10
3607,120,MQ,MIA,ATL,Wed,no,07:25
1538,55,AA,DFW,AUS,Fri,no,19:19
2059,166,DL,ATL,SAT,Thu,no,21:48
1407,81,DL,MEM,MSY,Sun,yes,14:34
566,91,DL,ATL,ORF,Fri,no,12:11
4950,74,EV,ATL,LEX,Sun,yes,12:04
1077,200,DL,EWR,MSP,Sat,no,08:00
6341,42,OO,SAN,LAX,Wed,no,20:01
5030,61,EV,AGS,ATL,Thu,no,16:25
4608,130,OO,SLC,SEA,Sun,yes,15:34
1666,75,DL,ATL,PNS,Sat,no,15:00
429,141,CO,TUS,IAH,Thu,yes,06:04
973,145,WN,DEN,BNA,Sun,yes,10:34
833,110,UA,BOI,DEN,Fri,yes,07:25
3068,45,MQ,SAN,LAX,Mon,no,15:45
1136,217,CO,DFW,EWR,Fri,no,12:49
1304,98,DL,STL,MSP,Sat,no,07:40
2965,385,DL,JFK,SFO,Mon,yes,07:15
2668,90,YV,PIT,CLT,Sat,no,19:15
660,225,UA,DEN,EWR,Sun,no,12:30
6622,58,OO,DEN,GJT,Thu,yes,10:04
1505,190,AA,DFW,SAN,Fri,yes,17:15
353,181,US,PHX,MSP,Thu,no,15:49
4360,85,MQ,ORD,DTW,Sun,no,09:40
1910,75,AA,LAX,LAS,Thu,yes,11:45
2107,109,XE,DTW,EWR,Sun,yes,17:10
2608,96,YV,CLT,BNA,Mon,no,09:55
549,144,UA,PHL,ORD,Sat,no,09:49
2084,83,XE,IAH,TUL,Fri,no,21:19
3682,111,9E,DLH,DTW,Tue,no,13:34
776,165,WN,MKE,MCO,Tue,no,18:55
2362,82,XE,RIC,CLE,Mon,no,18:30
428,248,DL,SJU,ATL,Sun,no,16:19
1283,116,DL,ATL,MDW,Sat,yes,16:10
202,285,AA,LAX,MIA,Sat,yes,07:10
1583,52,CO,IAH,AUS,Tue,no,09:30
1663,302,DL,IAD,SLC,Wed,yes,07:25
4302,127,9E,DTW,CHS,Wed,no,13:49
5046,69,EV,ATL,AGS,Mon,no,10:15
62,125,US,CLT,BOS,Thu,yes,13:15
1996,175,DL,MSP,LGA,Wed,no,07:00
1394,125,WN,SEA,OAK,Tue,yes,20:15
2032,85,WN,SFO,SNA,Thu,yes,12:49
1546,150,WN,DEN,SAN,Mon,no,06:49
1473,93,US,PVD,PHL,Tue,yes,11:30
301,215,FL,ATL,DEN,Wed,yes,14:30
325,138,UA,RDU,ORD,Mon,no,17:56
1448,106,DL,DTW,LGA,Sun,yes,21:40
2967,90,XE,IAH,LBB,Sat,yes,08:55
4485,72,OO,MSP,CID,Wed,no,19:40
1714,90,WN,CMH,STL,Mon,yes,18:30
3891,89,9E,MDW,DTW,Tue,yes,07:00
662,155,AA,DFW,DTW,Thu,no,19:40
12,109,US,SMF,PHX,Fri,no,06:00
5223,76,EV,TRI,ATL,Fri,no,12:43
4726,102,OO,SLC,MFR,Fri,no,21:37
5544,125,EV,OMA,DTW,Thu,no,17:49
2547,113,XE,ATL,CLE,Sat,no,09:45
544,168,CO,IAH,CLE,Wed,yes,07:45
114,200,AS,ANC,SEA,Fri,yes,02:30
2782,118,DL,MEM,DCA,Sun,yes,08:28
5334,62,EV,ATL,ABY,Wed,no,09:34
3668,125,MQ,TYS,MIA,Wed,no,14:34
4559,58,OO,SLC,IDA,Fri,yes,11:19
1419,370,US,PHL,LAX,Tue,no,09:40
2063,84,XE,CLE,ORD,Tue,yes,19:10
191,176,UA,MCO,ORD,Tue,no,11:01
3081,85,WN,MSY,DAL,Thu,yes,19:19
6955,49,OO,MKE,ORD,Fri,yes,19:25
756,150,UA,DEN,IAH,Sun,no,10:04
770,111,F9,LAS,DEN,Thu,no,15:33
2861,258,DL,ATL,TUS,Fri,yes,11:13
1078,70,WN,BUR,OAK,Tue,yes,10:55
236,271,UA,LAS,IAD,Wed,no,08:01
939,75,FL,JAX,ATL,Mon,yes,12:40
463,264,F9,MKE,LAX,Thu,yes,21:34
1299,245,WN,SMF,MDW,Sat,yes,10:15
7306,72,YV,IAD,SYR,Wed,no,08:28
627,132,UA,DCA,ORD,Fri,no,17:33
3959,110,MQ,LIT,ORD,Tue,no,10:34
4293,124,9E,DTW,BGR,Fri,yes,10:30
6428,70,OO,LAS,LAX,Mon,no,06:42
6536,119,OH,MSP,CVG,Fri,no,19:15
609,127,UA,DCA,ORD,Fri,yes,09:15
5272,79,EV,MOB,MEM,Mon,no,06:30
2517,277,DL,DTW,LAS,Sat,no,19:45
4959,76,EV,TYS,ATL,Tue,yes,18:22
1255,122,DL,ORF,ATL,Wed,yes,18:49
4990,51,EV,ATL,BHM,Mon,yes,13:30
2744,90,XE,IAH,VPS,Wed,yes,10:15
5,355,AS,DCA,LAX,Mon,no,09:10
1118,120,WN,HOU,ELP,Mon,yes,17:34
3773,135,MQ,DEN,ORD,Tue,yes,18:04
2357,70,XE,IAH,LRD,Wed,no,21:15
2098,110,WN,MDW,BWI,Mon,yes,18:55
1046,213,DL,SLC,ATL,Wed,no,12:00
4205,78,9E,DTW,CVG,Mon,yes,17:31
22,121,FL,ATL,MDW,Wed,yes,10:10
4952,176,EV,ELP,ATL,Thu,no,13:39
2862,154,XE,IAH,MKE,Sun,yes,19:30
1311,145,AA,ATL,DFW,Sun,no,13:15
422,100,WN,MHT,BWI,Wed,no,08:04
791,121,UA,LAS,DEN,Sat,no,06:05
2658,60,WN,RDU,BWI,Sun,yes,18:25
863,205,WN,OAK,AUS,Thu,yes,11:40
1857,95,WN,SLC,PHX,Sat,yes,13:15
2651,318,DL,PHL,SLC,Tue,no,07:10
7366,82,EV,MEM,MOB,Fri,no,09:30
625,77,US,ABQ,PHX,Thu,no,12:25
